{
  "rgb": {
    "resolution": [
      1920,
      1080
    ],
    "fx": 1121.560547,
    "fy": 1121.922607,
    "cx": 939.114746,
    "cy": 534.70929,
    "px": 0.00125,
    "dist": [
      0.079764,
      -0.108468,
      -0.000167,
      -0.000509,
      0.044803
    ]
  },
  "depth": {
    "resolution": [
      1024,
      1024
    ],
    "fx": 504.752167,
    "fy": 504.695465,
    "cx": 517.601746,
    "cy": 508.529358,
    "px": 0.035,
    "dist": [
      12.565655,
      6.072149,
      4.5e-05,
      2e-05,
      0.20818,
      12.887096,
      10.294142,
      1.362217
    ]
  },
  "T": [
    [
      0.994052,
      0.002774,
      0.005608,
      -0.032665543
    ],
    [
      -0.003367,
      0.994064,
      0.108743,
      -0.000986931
    ],
    [
      -0.005723,
      -0.10876,
      0.994054,
      0.002863724
    ],
    [
      0.0,
      0.0,
      0.0,
      1.0
    ]
  ]
}